optype,opset,inputs,outputs,attr1,attr1,attr1,attr2,attr2,attr2,attr3,attr3,attr3,attr4,attr4,attr4,attr5,attr5,attr5,attr6,attr6,attr6,attr7,attr7,attr7,attr8,attr8,attr8,attr9,attr9,attr9,attr10,attr10,attr10
op_type,opset,inputs,outputs,name,value_type,default,name,value_type,default,name,value_type,default,name,value_type,default,name,value_type,default,name,value_type,default,name,value_type,default,name,value_type,default,name,value_type,default,name,value_type,default
Abs,13,1,1,,,,,,,,,,,,,,,,,,,,,,,,,,,,,,
Abs,6,1,1,,,,,,,,,,,,,,,,,,,,,,,,,,,,,,
Abs,1,1,1,consumed_inputs,int64[],,,,,,,,,,,,,,,,,,,,,,,,,,,,
Acos,7,1,1,,,,,,,,,,,,,,,,,,,,,,,,,,,,,,
Acosh,9,1,1,,,,,,,,,,,,,,,,,,,,,,,,,,,,,,
Add,14,2,1,,,,,,,,,,,,,,,,,,,,,,,,,,,,,,
Add,13,2,1,,,,,,,,,,,,,,,,,,,,,,,,,,,,,,
Add,7,2,1,,,,,,,,,,,,,,,,,,,,,,,,,,,,,,
Add,6,2,1,axis,int64,,broadcast,int64,0,,,,,,,,,,,,,,,,,,,,,,,,
Add,1,2,1,axis,int64,,broadcast,int64,0,consumed_inputs,int64,,,,,,,,,,,,,,,,,,,,,,
And,7,2,1,,,,,,,,,,,,,,,,,,,,,,,,,,,,,,
And,1,2,1,axis,int64,,broadcast,int64,0,,,,,,,,,,,,,,,,,,,,,,,,
ArgMax,13,1,1,axis,int64,0,keepdims,int64,1,select_last_index,int64,0,,,,,,,,,,,,,,,,,,,,,
ArgMax,12,1,1,axis,int64,0,keepdims,int64,1,select_last_index,int64,0,,,,,,,,,,,,,,,,,,,,,
ArgMax,11,1,1,axis,int64,0,keepdims,int64,1,,,,,,,,,,,,,,,,,,,,,,,,
ArgMax,1,1,1,axis,int64,0,keepdims,int64,1,,,,,,,,,,,,,,,,,,,,,,,,
ArgMin,13,1,1,axis,int64,0,keepdims,int64,1,select_last_index,int64,0,,,,,,,,,,,,,,,,,,,,,
ArgMin,12,1,1,axis,int64,0,keepdims,int64,1,select_last_index,int64,0,,,,,,,,,,,,,,,,,,,,,
ArgMin,11,1,1,axis,int64,0,keepdims,int64,1,,,,,,,,,,,,,,,,,,,,,,,,
ArgMin,1,1,1,axis,int64,0,keepdims,int64,1,,,,,,,,,,,,,,,,,,,,,,,,
Asin,7,1,1,,,,,,,,,,,,,,,,,,,,,,,,,,,,,,
Asinh,9,1,1,,,,,,,,,,,,,,,,,,,,,,,,,,,,,,
Atan,7,1,1,,,,,,,,,,,,,,,,,,,,,,,,,,,,,,
Atanh,9,1,1,,,,,,,,,,,,,,,,,,,,,,,,,,,,,,
AveragePool,11,1,1,auto_pad,str,,ceil_mode,int64,0,count_include_pad,int64,0,kernel_shape,int64[],,pads,int64[],,strides,int64[],,,,,,,,,,,,,
AveragePool,10,1,1,auto_pad,str,,ceil_mode,int64,0,count_include_pad,int64,0,kernel_shape,int64[],,pads,int64[],,strides,int64[],,,,,,,,,,,,,
AveragePool,7,1,1,auto_pad,str,,count_include_pad,int64,0,kernel_shape,int64[],,pads,int64[],,strides,int64[],,,,,,,,,,,,,,,,
AveragePool,1,1,1,auto_pad,str,,kernel_shape,int64[],,pads,int64[],,strides,int64[],,,,,,,,,,,,,,,,,,,
BatchNormalization,15,5,3,epsilon,float32,1.00E-05,momentum,float32,0.9,training_mode,int64,0,,,,,,,,,,,,,,,,,,,,,
BatchNormalization,14,5,3,epsilon,float32,1.00E-05,momentum,float32,0.9,training_mode,int64,0,,,,,,,,,,,,,,,,,,,,,
BatchNormalization,9,5,5,epsilon,float32,1.00E-05,momentum,float32,0.9,,,,,,,,,,,,,,,,,,,,,,,,
BatchNormalization,7,5,5,epsilon,float32,1.00E-05,momentum,float32,0.9,spatial,int64,1,,,,,,,,,,,,,,,,,,,,,
BatchNormalization,6,5,5,epsilon,float32,1.00E-05,is_test,int64,0,momentum,float32,0.9,spatial,int64,1,,,,,,,,,,,,,,,,,,
BatchNormalization,1,5,5,consumed_inputs,int64[],,epsilon,float32,1.00E-05,is_test,int64,0,momentum,float32,0.9,spatial,int64,1,,,,,,,,,,,,,,,
BitShift,11,2,1,direction,str,,,,,,,,,,,,,,,,,,,,,,,,,,,,
Cast,13,1,1,to,int64,,,,,,,,,,,,,,,,,,,,,,,,,,,,
Cast,9,1,1,to,int64,,,,,,,,,,,,,,,,,,,,,,,,,,,,
Cast,6,1,1,to,int64,,,,,,,,,,,,,,,,,,,,,,,,,,,,
Cast,1,1,1,to,str,,,,,,,,,,,,,,,,,,,,,,,,,,,,
Ceil,13,1,1,,,,,,,,,,,,,,,,,,,,,,,,,,,,,,
Ceil,6,1,1,,,,,,,,,,,,,,,,,,,,,,,,,,,,,,
Ceil,1,1,1,consumed_inputs,int64[],,,,,,,,,,,,,,,,,,,,,,,,,,,,
Clip,13,3,1,,,,,,,,,,,,,,,,,,,,,,,,,,,,,,
Clip,12,3,1,,,,,,,,,,,,,,,,,,,,,,,,,,,,,,
Clip,11,3,1,,,,,,,,,,,,,,,,,,,,,,,,,,,,,,
Clip,6,1,1,max,float32,3.40E+38,min,float32,-3.40E+38,,,,,,,,,,,,,,,,,,,,,,,,
Clip,1,1,1,consumed_inputs,int64[],,max,float32,,min,float32,,,,,,,,,,,,,,,,,,,,,,
Compress,11,2,1,axis,int64,,,,,,,,,,,,,,,,,,,,,,,,,,,,
Compress,9,2,1,axis,int64,,,,,,,,,,,,,,,,,,,,,,,,,,,,
Concat,13,inf,1,axis,int64,,,,,,,,,,,,,,,,,,,,,,,,,,,,
Concat,11,inf,1,axis,int64,,,,,,,,,,,,,,,,,,,,,,,,,,,,
Concat,4,inf,1,axis,int64,,,,,,,,,,,,,,,,,,,,,,,,,,,,
Concat,1,inf,1,axis,int64,,,,,,,,,,,,,,,,,,,,,,,,,,,,
ConcatFromSequence,11,1,1,axis,int64,,new_axis,int64,0,,,,,,,,,,,,,,,,,,,,,,,,
Constant,13,0,1,sparse_value,,,value,,,value_float,float32,,value_floats,float32[],,value_int,int64,,value_ints,int64[],,value_string,str,,value_strings,str[],,,,,,,
Constant,12,0,1,sparse_value,,,value,,,value_float,float32,,value_floats,float32[],,value_int,int64,,value_ints,int64[],,value_string,str,,value_strings,str[],,,,,,,
Constant,11,0,1,sparse_value,,,value,,,,,,,,,,,,,,,,,,,,,,,,,,
Constant,9,0,1,value,,,,,,,,,,,,,,,,,,,,,,,,,,,,,
Constant,1,0,1,value,,,,,,,,,,,,,,,,,,,,,,,,,,,,,
ConstantOfShape,9,1,1,value,,,,,,,,,,,,,,,,,,,,,,,,,,,,,
Conv,11,3,1,auto_pad,str,,dilations,int64[],,group,int64,1,kernel_shape,int64[],,pads,int64[],,strides,int64[],,,,,,,,,,,,,
Conv,1,3,1,auto_pad,str,,dilations,int64[],,group,int64,1,kernel_shape,int64[],,pads,int64[],,strides,int64[],,,,,,,,,,,,,
ConvInteger,10,4,1,auto_pad,str,,dilations,int64[],,group,int64,1,kernel_shape,int64[],,pads,int64[],,strides,int64[],,,,,,,,,,,,,
ConvTranspose,11,3,1,auto_pad,str,,dilations,int64[],,group,int64,1,kernel_shape,int64[],,output_padding,int64[],,output_shape,int64[],,pads,int64[],,strides,int64[],,,,,,,
ConvTranspose,1,3,1,auto_pad,str,,dilations,int64[],,group,int64,1,kernel_shape,int64[],,output_padding,int64[],,output_shape,int64[],,pads,int64[],,strides,int64[],,,,,,,
Cos,7,1,1,,,,,,,,,,,,,,,,,,,,,,,,,,,,,,
Cosh,9,1,1,,,,,,,,,,,,,,,,,,,,,,,,,,,,,,
CumSum,14,2,1,exclusive,int64,0,reverse,int64,0,,,,,,,,,,,,,,,,,,,,,,,,
CumSum,11,2,1,exclusive,int64,0,reverse,int64,0,,,,,,,,,,,,,,,,,,,,,,,,
DepthToSpace,13,1,1,blocksize,int64,0,mode,str,DCR,,,,,,,,,,,,,,,,,,,,,,,,
DepthToSpace,11,1,1,blocksize,int64,0,mode,str,DCR,,,,,,,,,,,,,,,,,,,,,,,,
DepthToSpace,1,1,1,blocksize,int64,0,,,,,,,,,,,,,,,,,,,,,,,,,,,
DequantizeLinear,13,3,1,axis,int64,1,,,,,,,,,,,,,,,,,,,,,,,,,,,
DequantizeLinear,10,3,1,,,,,,,,,,,,,,,,,,,,,,,,,,,,,,
Det,11,1,1,,,,,,,,,,,,,,,,,,,,,,,,,,,,,,
Div,14,2,1,,,,,,,,,,,,,,,,,,,,,,,,,,,,,,
Div,13,2,1,,,,,,,,,,,,,,,,,,,,,,,,,,,,,,
Div,7,2,1,,,,,,,,,,,,,,,,,,,,,,,,,,,,,,
Div,6,2,1,axis,int64,,broadcast,int64,0,,,,,,,,,,,,,,,,,,,,,,,,
Div,1,2,1,axis,int64,,broadcast,int64,0,consumed_inputs,int64[],,,,,,,,,,,,,,,,,,,,,,
Dropout,13,3,2,seed,int64,,,,,,,,,,,,,,,,,,,,,,,,,,,,
Dropout,12,3,2,seed,int64,,,,,,,,,,,,,,,,,,,,,,,,,,,,
Dropout,10,1,2,ratio,float32,0.5,,,,,,,,,,,,,,,,,,,,,,,,,,,
Dropout,7,1,2,ratio,float32,0.5,,,,,,,,,,,,,,,,,,,,,,,,,,,
Dropout,6,1,2,is_test,int64,0,ratio,float32,0.5,,,,,,,,,,,,,,,,,,,,,,,,
Dropout,1,1,2,consumed_inputs,int64[],,is_test,int64,0,ratio,float32,0.5,,,,,,,,,,,,,,,,,,,,,
Einsum,12,inf,1,equation,str,,,,,,,,,,,,,,,,,,,,,,,,,,,,
Elu,6,1,1,alpha,float32,1,,,,,,,,,,,,,,,,,,,,,,,,,,,
Elu,1,1,1,alpha,float32,1,consumed_inputs,int64[],,,,,,,,,,,,,,,,,,,,,,,,,
Equal,13,2,1,,,,,,,,,,,,,,,,,,,,,,,,,,,,,,
Equal,11,2,1,,,,,,,,,,,,,,,,,,,,,,,,,,,,,,
Equal,7,2,1,,,,,,,,,,,,,,,,,,,,,,,,,,,,,,
Equal,1,2,1,axis,int64,,broadcast,int64,0,,,,,,,,,,,,,,,,,,,,,,,,
Erf,13,1,1,,,,,,,,,,,,,,,,,,,,,,,,,,,,,,
Erf,9,1,1,,,,,,,,,,,,,,,,,,,,,,,,,,,,,,
Exp,13,1,1,,,,,,,,,,,,,,,,,,,,,,,,,,,,,,
Exp,6,1,1,,,,,,,,,,,,,,,,,,,,,,,,,,,,,,
Exp,1,1,1,consumed_inputs,int64[],,,,,,,,,,,,,,,,,,,,,,,,,,,,
Expand,13,2,1,,,,,,,,,,,,,,,,,,,,,,,,,,,,,,
Expand,8,2,1,,,,,,,,,,,,,,,,,,,,,,,,,,,,,,
EyeLike,9,1,1,dtype,int64,,k,int64,0,,,,,,,,,,,,,,,,,,,,,,,,
Flatten,13,1,1,axis,int64,1,,,,,,,,,,,,,,,,,,,,,,,,,,,
Flatten,11,1,1,axis,int64,1,,,,,,,,,,,,,,,,,,,,,,,,,,,
Flatten,9,1,1,axis,int64,1,,,,,,,,,,,,,,,,,,,,,,,,,,,
Flatten,1,1,1,axis,int64,1,,,,,,,,,,,,,,,,,,,,,,,,,,,
Floor,13,1,1,,,,,,,,,,,,,,,,,,,,,,,,,,,,,,
Floor,6,1,1,,,,,,,,,,,,,,,,,,,,,,,,,,,,,,
Floor,1,1,1,consumed_inputs,int64[],,,,,,,,,,,,,,,,,,,,,,,,,,,,
GRU,14,6,2,activation_alpha,float32[],,activation_beta,float32[],,activations,str[],,clip,float32,,direction,str,foward,hidden_size,int64,,layout,int64,0,linear_before_reset,int64,0,,,,,,
GRU,7,6,2,activation_alpha,float32[],,activation_beta,float32[],,activations,str[],,clip,float32,,direction,str,foward,hidden_size,int64,,linear_before_reset,int64,0,,,,,,,,,
GRU,3,6,2,activation_alpha,float32[],,activation_beta,float32[],,activations,str[],,clip,float32,,direction,str,foward,hidden_size,int64,,linear_before_reset,int64,0,output_sequence,int64,0,,,,,,
GRU,1,6,2,activation_alpha,float32[],,activation_beta,float32[],,activations,str[],,clip,float32,,direction,str,foward,hidden_size,int64,,output_sequence,int64,0,,,,,,,,,
Gather,13,2,1,axis,int64,0,,,,,,,,,,,,,,,,,,,,,,,,,,,
Gather,11,2,1,axis,int64,0,,,,,,,,,,,,,,,,,,,,,,,,,,,
Gather,1,2,1,axis,int64,0,,,,,,,,,,,,,,,,,,,,,,,,,,,
GatherElements,13,2,1,axis,int64,0,,,,,,,,,,,,,,,,,,,,,,,,,,,
GatherElements,11,2,1,axis,int64,0,,,,,,,,,,,,,,,,,,,,,,,,,,,
GatherND,13,2,1,batch_dims,int64,0,,,,,,,,,,,,,,,,,,,,,,,,,,,
GatherND,12,2,1,batch_dims,int64,0,,,,,,,,,,,,,,,,,,,,,,,,,,,
GatherND,11,2,1,,,,,,,,,,,,,,,,,,,,,,,,,,,,,,
Gemm,13,3,1,alpha,float32,1,beta,float32,1,transA,int64,0,transB,int64,0,,,,,,,,,,,,,,,,,,
Gemm,11,3,1,alpha,float32,1,beta,float32,1,transA,int64,0,transB,int64,0,,,,,,,,,,,,,,,,,,
Gemm,9,3,1,alpha,float32,1,beta,float32,1,transA,int64,0,transB,int64,0,,,,,,,,,,,,,,,,,,
Gemm,7,3,1,alpha,float32,1,beta,float32,1,transA,int64,0,transB,int64,0,,,,,,,,,,,,,,,,,,
Gemm,6,3,1,alpha,float32,1,beta,float32,1,broadcast,int64,0,transA,int64,0,transB,int64,0,,,,,,,,,,,,,,,
Gemm,1,3,1,alpha,float32,1,beta,float32,1,broadcast,int64,0,transA,int64,0,transB,int64,0,,,,,,,,,,,,,,,
GlobalAveragePool,1,1,1,,,,,,,,,,,,,,,,,,,,,,,,,,,,,,
GlobalLpPool,2,1,1,p,float32,2,,,,,,,,,,,,,,,,,,,,,,,,,,,
GlobalLpPool,1,1,1,p,float32,2,,,,,,,,,,,,,,,,,,,,,,,,,,,
GlobalMaxPool,1,1,1,,,,,,,,,,,,,,,,,,,,,,,,,,,,,,
Greater,13,2,1,,,,,,,,,,,,,,,,,,,,,,,,,,,,,,
Greater,9,2,1,,,,,,,,,,,,,,,,,,,,,,,,,,,,,,
Greater,7,2,1,,,,,,,,,,,,,,,,,,,,,,,,,,,,,,
Greater,1,2,1,axis,int64,,broadcast,int64,0,,,,,,,,,,,,,,,,,,,,,,,,
GridSample,16,2,1,align_corners,int64,0,mode,str,bilinear,padding_mode,str,zeros,,,,,,,,,,,,,,,,,,,,,
HardSigmoid,6,1,1,alpha,float32,0.2,beta,float32,0.5,,,,,,,,,,,,,,,,,,,,,,,,
HardSigmoid,1,1,1,alpha,float32,0.2,beta,float32,0.5,consumed_inputs,int64[],,,,,,,,,,,,,,,,,,,,,,
Hardmax,13,1,1,axis,int64,1,,,,,,,,,,,,,,,,,,,,,,,,,,,
Hardmax,11,1,1,axis,int64,1,,,,,,,,,,,,,,,,,,,,,,,,,,,
Hardmax,1,1,1,axis,int64,1,,,,,,,,,,,,,,,,,,,,,,,,,,,
Identity,16,1,1,,,,,,,,,,,,,,,,,,,,,,,,,,,,,,
Identity,14,1,1,,,,,,,,,,,,,,,,,,,,,,,,,,,,,,
Identity,13,1,1,,,,,,,,,,,,,,,,,,,,,,,,,,,,,,
Identity,1,1,1,,,,,,,,,,,,,,,,,,,,,,,,,,,,,,
If,16,1,inf,else_branch,graph,,then_branch,graph,,,,,,,,,,,,,,,,,,,,,,,,,
If,13,1,inf,else_branch,graph,,then_branch,graph,,,,,,,,,,,,,,,,,,,,,,,,,
If,11,1,inf,else_branch,graph,,then_branch,graph,,,,,,,,,,,,,,,,,,,,,,,,,
If,1,1,inf,else_branch,graph,,then_branch,graph,,,,,,,,,,,,,,,,,,,,,,,,,
InstanceNormalization,6,3,1,epsilon,float32,1.00E-05,,,,,,,,,,,,,,,,,,,,,,,,,,,
InstanceNormalization,1,3,1,consumed_inputs,int64[],,epsilon,float32,1.00E-05,,,,,,,,,,,,,,,,,,,,,,,,
IsInf,10,1,1,detect_negative,int64,1,detect_positive,int64,1,,,,,,,,,,,,,,,,,,,,,,,,
IsNaN,13,1,1,,,,,,,,,,,,,,,,,,,,,,,,,,,,,,
IsNaN,9,1,1,,,,,,,,,,,,,,,,,,,,,,,,,,,,,,
LRN,13,1,1,alpha,float32,0.0001,beta,float32,0.75,bias,float32,1,size,int64,,,,,,,,,,,,,,,,,,,
LRN,1,1,1,alpha,float32,0.0001,beta,float32,0.75,bias,float32,1,size,int64,,,,,,,,,,,,,,,,,,,
LSTM,14,8,3,activation_alpha,float32[],,activation_beta,float32[],,activations,str[],,clip,float32,,direction,str,forward,hidden_size,int64,,input_forget,int64,0,layout,int64,0,,,,,,
LSTM,7,8,3,activation_alpha,float32[],,activation_beta,float32[],,activations,str[],,clip,float32,,direction,str,forward,hidden_size,int64,,input_forget,int64,0,,,,,,,,,
LSTM,1,8,3,activation_alpha,float32[],,activation_beta,float32[],,activations,str[],,clip,float32,,direction,str,forward,hidden_size,int64,,input_forget,int64,0,output_sequence,int64,0,,,,,,
LeakyRelu,16,1,1,alpha,float32,0.01,,,,,,,,,,,,,,,,,,,,,,,,,,,
LeakyRelu,6,1,1,alpha,float32,0.01,,,,,,,,,,,,,,,,,,,,,,,,,,,
LeakyRelu,1,1,1,alpha,float32,0.01,consumed_inputs,int64[],,,,,,,,,,,,,,,,,,,,,,,,,
Less,13,2,1,,,,,,,,,,,,,,,,,,,,,,,,,,,,,,
Less,9,2,1,,,,,,,,,,,,,,,,,,,,,,,,,,,,,,
Less,7,2,1,,,,,,,,,,,,,,,,,,,,,,,,,,,,,,
Less,1,2,1,axis,int64,,broadcast,int64,0,,,,,,,,,,,,,,,,,,,,,,,,
Log,13,1,1,,,,,,,,,,,,,,,,,,,,,,,,,,,,,,
Log,6,1,1,,,,,,,,,,,,,,,,,,,,,,,,,,,,,,
Log,1,1,1,consumed_inputs,int64[],,,,,,,,,,,,,,,,,,,,,,,,,,,,
Loop,16,inf,inf,body,graph,,,,,,,,,,,,,,,,,,,,,,,,,,,,
Loop,13,inf,inf,body,graph,,,,,,,,,,,,,,,,,,,,,,,,,,,,
Loop,11,inf,inf,body,graph,,,,,,,,,,,,,,,,,,,,,,,,,,,,
Loop,1,inf,inf,body,graph,,,,,,,,,,,,,,,,,,,,,,,,,,,,
LpNormalization,1,1,1,axis,int64,-1,p,int64,2,,,,,,,,,,,,,,,,,,,,,,,,
LpPool,11,1,1,auto_pad,str,NOTSET,kernel_shape,int64[],,p,float32,2,pads,int64[],,strides,int64[],,,,,,,,,,,,,,,,
LpPool,2,1,1,auto_pad,str,NOTSET,kernel_shape,int64[],,p,float32,2,pads,int64[],,strides,int64[],,,,,,,,,,,,,,,,
LpPool,1,1,1,auto_pad,str,NOTSET,kernel_shape,int64[],,p,float32,2,pads,int64[],,strides,int64[],,,,,,,,,,,,,,,,
MatMul,13,2,1,,,,,,,,,,,,,,,,,,,,,,,,,,,,,,
MatMul,9,2,1,,,,,,,,,,,,,,,,,,,,,,,,,,,,,,
MatMul,1,2,1,,,,,,,,,,,,,,,,,,,,,,,,,,,,,,
MatMulInteger,10,4,1,,,,,,,,,,,,,,,,,,,,,,,,,,,,,,
Max,13,inf,1,,,,,,,,,,,,,,,,,,,,,,,,,,,,,,
Max,12,inf,1,,,,,,,,,,,,,,,,,,,,,,,,,,,,,,
Max,8,inf,1,,,,,,,,,,,,,,,,,,,,,,,,,,,,,,
Max,6,inf,1,,,,,,,,,,,,,,,,,,,,,,,,,,,,,,
Max,1,inf,1,consumed_inputs,int64[],,,,,,,,,,,,,,,,,,,,,,,,,,,,
MaxPool,12,1,2,auto_pad,str,NOTSET,ceil_mode,int64,0,dilations,int64[],,kernel_shape,int64[],,pads,int64[],,storage_order,int64,0,strides,int64[],,,,,,,,,,
MaxPool,11,1,2,auto_pad,str,NOTSET,ceil_mode,int64,0,dilations,int64[],,kernel_shape,int64[],,pads,int64[],,storage_order,int64,0,strides,int64[],,,,,,,,,,
MaxPool,10,1,2,auto_pad,str,NOTSET,ceil_mode,int64,0,dilations,int64[],,kernel_shape,int64[],,pads,int64[],,storage_order,int64,0,strides,int64[],,,,,,,,,,
MaxPool,8,1,2,auto_pad,str,NOTSET,kernel_shape,int64[],,pads,int64[],,storage_order,int64,0,strides,int64[],,,,,,,,,,,,,,,,
MaxPool,1,1,1,auto_pad,str,NOTSET,kernel_shape,int64[],,pads,int64[],,strides,int64[],,,,,,,,,,,,,,,,,,,
MaxRoiPool,1,2,1,pooled_shape,int64[],,spatial_scale,float32,1,,,,,,,,,,,,,,,,,,,,,,,,
MaxUnpool,11,3,1,kernel_shape,int64[],,pads,int64[],,strides,int64[],,,,,,,,,,,,,,,,,,,,,,
MaxUnpool,9,3,1,kernel_shape,int64[],,pads,int64[],,strides,int64[],,,,,,,,,,,,,,,,,,,,,,
Mean,13,inf,1,,,,,,,,,,,,,,,,,,,,,,,,,,,,,,
Mean,8,inf,1,,,,,,,,,,,,,,,,,,,,,,,,,,,,,,
Mean,6,inf,1,,,,,,,,,,,,,,,,,,,,,,,,,,,,,,
Mean,1,inf,1,consumed_inputs,int64[],,,,,,,,,,,,,,,,,,,,,,,,,,,,
Min,13,inf,1,,,,,,,,,,,,,,,,,,,,,,,,,,,,,,
Min,12,inf,1,,,,,,,,,,,,,,,,,,,,,,,,,,,,,,
Min,8,inf,1,,,,,,,,,,,,,,,,,,,,,,,,,,,,,,
Min,6,inf,1,,,,,,,,,,,,,,,,,,,,,,,,,,,,,,
Min,1,inf,1,consumed_inputs,int64[],,,,,,,,,,,,,,,,,,,,,,,,,,,,
Mod,13,2,1,fmod,int64,0,,,,,,,,,,,,,,,,,,,,,,,,,,,
Mod,10,2,1,fmod,int64,0,,,,,,,,,,,,,,,,,,,,,,,,,,,
Mul,14,2,1,,,,,,,,,,,,,,,,,,,,,,,,,,,,,,
Mul,13,2,1,,,,,,,,,,,,,,,,,,,,,,,,,,,,,,
Mul,7,2,1,,,,,,,,,,,,,,,,,,,,,,,,,,,,,,
Mul,6,2,1,axis,int64,,broadcast,int64,0,,,,,,,,,,,,,,,,,,,,,,,,
Mul,1,2,1,axis,int64,,broadcast,int64,0,consumed_inputs,int64[],,,,,,,,,,,,,,,,,,,,,,
Multinomial,7,1,1,dtype,int64,6,sample_size,int64,1,seed,float32,,,,,,,,,,,,,,,,,,,,,,
Neg,13,1,1,,,,,,,,,,,,,,,,,,,,,,,,,,,,,,
Neg,6,1,1,,,,,,,,,,,,,,,,,,,,,,,,,,,,,,
Neg,1,1,1,consumed_inputs,int64[],,,,,,,,,,,,,,,,,,,,,,,,,,,,
NonMaxSuppression,11,5,1,center_point_box,int64,0,,,,,,,,,,,,,,,,,,,,,,,,,,,
NonMaxSuppression,10,5,1,center_point_box,int64,0,,,,,,,,,,,,,,,,,,,,,,,,,,,
NonZero,13,1,1,,,,,,,,,,,,,,,,,,,,,,,,,,,,,,
NonZero,9,1,1,,,,,,,,,,,,,,,,,,,,,,,,,,,,,,
Not,1,1,1,,,,,,,,,,,,,,,,,,,,,,,,,,,,,,
OneHot,11,3,1,axis,int64,-1,,,,,,,,,,,,,,,,,,,,,,,,,,,
OneHot,9,3,1,axis,int64,-1,,,,,,,,,,,,,,,,,,,,,,,,,,,
Optional,15,1,1,type,type_proto,,,,,,,,,,,,,,,,,,,,,,,,,,,,
OptionalGetElement,15,1,1,,,,,,,,,,,,,,,,,,,,,,,,,,,,,,
OptionalHasElement,15,1,1,,,,,,,,,,,,,,,,,,,,,,,,,,,,,,
Or,7,2,1,,,,,,,,,,,,,,,,,,,,,,,,,,,,,,
Or,1,2,1,axis,int64,,broadcast,int64,0,,,,,,,,,,,,,,,,,,,,,,,,
PRelu,16,2,1,,,,,,,,,,,,,,,,,,,,,,,,,,,,,,
PRelu,9,2,1,,,,,,,,,,,,,,,,,,,,,,,,,,,,,,
PRelu,7,2,1,,,,,,,,,,,,,,,,,,,,,,,,,,,,,,
PRelu,6,2,1,,,,,,,,,,,,,,,,,,,,,,,,,,,,,,
PRelu,1,2,1,consumed_inputs,int64[],,,,,,,,,,,,,,,,,,,,,,,,,,,,
Pad,13,3,1,mode,str,constant,,,,,,,,,,,,,,,,,,,,,,,,,,,
Pad,11,3,1,mode,str,constant,,,,,,,,,,,,,,,,,,,,,,,,,,,
Pad,2,1,1,mode,str,constant,paddings,int64[],,value,float32,0,,,,,,,,,,,,,,,,,,,,,
Pad,1,1,1,mode,str,constant,paddings,int64[],,value,float32,0,,,,,,,,,,,,,,,,,,,,,
Pow,15,2,1,,,,,,,,,,,,,,,,,,,,,,,,,,,,,,
Pow,13,2,1,,,,,,,,,,,,,,,,,,,,,,,,,,,,,,
Pow,12,2,1,,,,,,,,,,,,,,,,,,,,,,,,,,,,,,
Pow,7,2,1,,,,,,,,,,,,,,,,,,,,,,,,,,,,,,
Pow,1,2,1,axis,int64,,broadcast,int64,0,,,,,,,,,,,,,,,,,,,,,,,,
QLinearConv,10,9,1,auto_pad,str,NOTSET,dilations,int64[],,group,int64,1,kernel_shape,int64[],,pads,int64[],,strides,int64[],,,,,,,,,,,,,
QLinearMatMul,10,8,1,,,,,,,,,,,,,,,,,,,,,,,,,,,,,,
QuantizeLinear,13,3,1,axis,int64,1,,,,,,,,,,,,,,,,,,,,,,,,,,,
QuantizeLinear,10,3,1,,,,,,,,,,,,,,,,,,,,,,,,,,,,,,
RNN,14,6,2,activation_alpha,float32[],,activation_beta,float32[],,activations,str[],"['Tanh', 'Tanh']",clip,float32,,direction,str,forward,hidden_size,int64,,output_sequence,int64,0,layout,int64,0,,,,,,
RNN,7,6,2,activation_alpha,float32[],,activation_beta,float32[],,activations,str[],"['Tanh', 'Tanh']",clip,float32,,direction,str,forward,hidden_size,int64,,output_sequence,int64,0,,,,,,,,,
RNN,1,6,2,activation_alpha,float32[],,activation_beta,float32[],,activations,str[],"['Tanh', 'Tanh']",clip,float32,,direction,str,forward,hidden_size,int64,,output_sequence,int64,0,,,,,,,,,
RandomNormal,1,5,1,,,,,,,,,,,,,,,,,,,,,,,,,,,,,,
RandomNormalLike,1,1,1,dtype,int64,,mean,float32,0,scale,float32,1,seed,float32,,,,,,,,,,,,,,,,,,,
RandomUniform,1,5,1,,,,,,,,,,,,,,,,,,,,,,,,,,,,,,
RandomUniformLike,1,1,1,dtype,int64,,high,float32,1,low,float32,0,seed,float32,,,,,,,,,,,,,,,,,,,
Reciprocal,13,1,1,,,,,,,,,,,,,,,,,,,,,,,,,,,,,,
Reciprocal,6,1,1,,,,,,,,,,,,,,,,,,,,,,,,,,,,,,
Reciprocal,1,1,1,consumed_inputs,int64[],,,,,,,,,,,,,,,,,,,,,,,,,,,,
ReduceL1,13,1,1,axes,int64[],,keepdims,int64,1,,,,,,,,,,,,,,,,,,,,,,,,
ReduceL1,11,1,1,axes,int64[],,keepdims,int64,1,,,,,,,,,,,,,,,,,,,,,,,,
ReduceL1,1,1,1,axes,int64[],,keepdims,int64,1,,,,,,,,,,,,,,,,,,,,,,,,
ReduceL2,13,1,1,axes,int64[],,keepdims,int64,1,,,,,,,,,,,,,,,,,,,,,,,,
ReduceL2,11,1,1,axes,int64[],,keepdims,int64,1,,,,,,,,,,,,,,,,,,,,,,,,
ReduceL2,1,1,1,axes,int64[],,keepdims,int64,1,,,,,,,,,,,,,,,,,,,,,,,,
ReduceLogSum,13,1,1,axes,int64[],,keepdims,int64,1,,,,,,,,,,,,,,,,,,,,,,,,
ReduceLogSum,11,1,1,axes,int64[],,keepdims,int64,1,,,,,,,,,,,,,,,,,,,,,,,,
ReduceLogSum,1,1,1,axes,int64[],,keepdims,int64,1,,,,,,,,,,,,,,,,,,,,,,,,
ReduceLogSumExp,13,1,1,axes,int64[],,keepdims,int64,1,,,,,,,,,,,,,,,,,,,,,,,,
ReduceLogSumExp,11,1,1,axes,int64[],,keepdims,int64,1,,,,,,,,,,,,,,,,,,,,,,,,
ReduceLogSumExp,1,1,1,axes,int64[],,keepdims,int64,1,,,,,,,,,,,,,,,,,,,,,,,,
ReduceMax,13,1,1,axes,int64[],,keepdims,int64,1,,,,,,,,,,,,,,,,,,,,,,,,
ReduceMax,12,1,1,axes,int64[],,keepdims,int64,1,,,,,,,,,,,,,,,,,,,,,,,,
ReduceMax,11,1,1,axes,int64[],,keepdims,int64,1,,,,,,,,,,,,,,,,,,,,,,,,
ReduceMax,1,1,1,axes,int64[],,keepdims,int64,1,,,,,,,,,,,,,,,,,,,,,,,,
ReduceMean,13,1,1,axes,int64[],,keepdims,int64,1,,,,,,,,,,,,,,,,,,,,,,,,
ReduceMean,11,1,1,axes,int64[],,keepdims,int64,1,,,,,,,,,,,,,,,,,,,,,,,,
ReduceMean,1,1,1,axes,int64[],,keepdims,int64,1,,,,,,,,,,,,,,,,,,,,,,,,
ReduceMin,13,1,1,axes,int64[],,keepdims,int64,1,,,,,,,,,,,,,,,,,,,,,,,,
ReduceMin,12,1,1,axes,int64[],,keepdims,int64,1,,,,,,,,,,,,,,,,,,,,,,,,
ReduceMin,11,1,1,axes,int64[],,keepdims,int64,1,,,,,,,,,,,,,,,,,,,,,,,,
ReduceMin,1,1,1,axes,int64[],,keepdims,int64,1,,,,,,,,,,,,,,,,,,,,,,,,
ReduceProd,13,1,1,axes,int64[],,keepdims,int64,1,,,,,,,,,,,,,,,,,,,,,,,,
ReduceProd,11,1,1,axes,int64[],,keepdims,int64,1,,,,,,,,,,,,,,,,,,,,,,,,
ReduceProd,1,1,1,axes,int64[],,keepdims,int64,1,,,,,,,,,,,,,,,,,,,,,,,,
ReduceSum,13,1,1,axes,int64[],,keepdims,int64,1,,,,,,,,,,,,,,,,,,,,,,,,
ReduceProd,11,1,1,axes,int64[],,keepdims,int64,1,,,,,,,,,,,,,,,,,,,,,,,,
ReduceProd,1,1,1,axes,int64[],,keepdims,int64,1,,,,,,,,,,,,,,,,,,,,,,,,
ReduceSumSquare,13,1,1,axes,int64[],,keepdims,int64,1,,,,,,,,,,,,,,,,,,,,,,,,
ReduceSumSquare,11,1,1,axes,int64[],,keepdims,int64,1,,,,,,,,,,,,,,,,,,,,,,,,
ReduceSumSquare,1,1,1,axes,int64[],,keepdims,int64,1,,,,,,,,,,,,,,,,,,,,,,,,
Relu,14,1,1,,,,,,,,,,,,,,,,,,,,,,,,,,,,,,
Relu,13,1,1,,,,,,,,,,,,,,,,,,,,,,,,,,,,,,
Relu,6,1,1,,,,,,,,,,,,,,,,,,,,,,,,,,,,,,
Relu,1,1,1,consumed_inputs,int64[],,,,,,,,,,,,,,,,,,,,,,,,,,,,
Reshape,14,2,1,allowzero,int64,0,,,,,,,,,,,,,,,,,,,,,,,,,,,
Reshape,13,2,1,,,,,,,,,,,,,,,,,,,,,,,,,,,,,,
Reshape,5,2,1,,,,,,,,,,,,,,,,,,,,,,,,,,,,,,
Reshape,1,1,1,consumed_inputs,int64[],,shape,int64[],,,,,,,,,,,,,,,,,,,,,,,,,
Resize,13,4,1,coordinate_transformation_mode,str,half_pixel,cubic_coeff_a,float32,-0.75,exclude_outside,int64,0,extrapolation_value,float32,0,mode,str,nearest,nearest_mode,str,round_prefer_floor,,,,,,,,,,,,
Resize,11,4,1,coordinate_transformation_mode,str,half_pixel,cubic_coeff_a,float32,-0.75,exclude_outside,int64,0,extrapolation_value,float32,0,mode,str,nearest,nearest_mode,str,round_prefer_floor,,,,,,,,,,,,
Resize,10,2,1,mode,str,nearest,,,,,,,,,,,,,,,,,,,,,,,,,,,
ReverseSequence,10,2,1,batch_axis,int64,1,time_axis,int64,0,,,,,,,,,,,,,,,,,,,,,,,,
RoiAlign,16,3,1,coordinate_transformation_mode,str,half_pixel,mode,str,avg,output_height,int64,1,output_width,int64,1,sampling_ratio,int64,0,spatial_scale,float32,1,,,,,,,,,,,,
RoiAlign,10,3,1,mode,str,avg,output_height,int64,1,output_width,int64,1,sampling_ratio,int64,0,spatial_scale,float32,1,,,,,,,,,,,,,,,
Round,11,1,1,,,,,,,,,,,,,,,,,,,,,,,,,,,,,,
Scan,16,inf,inf,body,graph,,num_scan_inputs,int64,,scan_input_axes,int64[],,scan_input_directions,int64[],,scan_output_axes,int64[],,scan_output_directions,int64[],,,,,,,,,,,,,
Scan,11,inf,inf,body,graph,,num_scan_inputs,int64,,scan_input_axes,int64[],,scan_input_directions,int64[],,scan_output_axes,int64[],,scan_output_directions,int64[],,,,,,,,,,,,,
Scan,9,inf,inf,body,graph,,num_scan_inputs,int64,,scan_input_axes,int64[],,scan_input_directions,int64[],,scan_output_axes,int64[],,scan_output_directions,int64[],,,,,,,,,,,,,
Scan,8,inf,inf,body,graph,,directions,int64[],,num_scan_inputs,int64,,,,,,,,,,,,,,,,,,,,,,
ScatterElements,16,3,1,axis,int64,0,reduction,str,none,,,,,,,,,,,,,,,,,,,,,,,,
ScatterElements,13,3,1,axis,int64,0,,,,,,,,,,,,,,,,,,,,,,,,,,,
ScatterElements,11,3,1,axis,int64,0,,,,,,,,,,,,,,,,,,,,,,,,,,,
ScatterND,16,3,1,reduction,str,none,,,,,,,,,,,,,,,,,,,,,,,,,,,
ScatterND,13,3,1,,,,,,,,,,,,,,,,,,,,,,,,,,,,,,
ScatterND,11,3,1,,,,,,,,,,,,,,,,,,,,,,,,,,,,,,
Selu,6,1,1,alpha,float32,1.6732,gamma,float32,1.0507,,,,,,,,,,,,,,,,,,,,,,,,
Selu,1,1,1,alpha,float32,1.6732,consumed_inputs,int64[],,gamma,float32,1.0507,,,,,,,,,,,,,,,,,,,,,
SequenceAt,11,2,1,,,,,,,,,,,,,,,,,,,,,,,,,,,,,,
SequenceConstruct,11,inf,1,,,,,,,,,,,,,,,,,,,,,,,,,,,,,,
SequenceEmpty,11,1,1,,,,,,,,,,,,,,,,,,,,,,,,,,,,,,
SequenceErase,11,2,1,,,,,,,,,,,,,,,,,,,,,,,,,,,,,,
SequenceInsert,11,3,1,,,,,,,,,,,,,,,,,,,,,,,,,,,,,,
SequenceLength,11,1,1,,,,,,,,,,,,,,,,,,,,,,,,,,,,,,
Shape,15,1,1,end,int64,,start,int64,0,,,,,,,,,,,,,,,,,,,,,,,,
Shape,13,1,1,,,,,,,,,,,,,,,,,,,,,,,,,,,,,,
Shape,1,1,1,,,,,,,,,,,,,,,,,,,,,,,,,,,,,,
Shrink,9,1,1,bias,float32,0,lambd,float32,0.5,,,,,,,,,,,,,,,,,,,,,,,,
Sigmoid,13,1,1,,,,,,,,,,,,,,,,,,,,,,,,,,,,,,
Sigmoid,6,1,1,,,,,,,,,,,,,,,,,,,,,,,,,,,,,,
Sigmoid,1,1,1,consumed_inputs,int64[],,,,,,,,,,,,,,,,,,,,,,,,,,,,
Sign,13,1,1,,,,,,,,,,,,,,,,,,,,,,,,,,,,,,
Sign,9,1,1,,,,,,,,,,,,,,,,,,,,,,,,,,,,,,
Sin,7,1,1,,,,,,,,,,,,,,,,,,,,,,,,,,,,,,
Sinh,9,1,1,,,,,,,,,,,,,,,,,,,,,,,,,,,,,,
Size,13,1,1,,,,,,,,,,,,,,,,,,,,,,,,,,,,,,
Size,1,1,1,,,,,,,,,,,,,,,,,,,,,,,,,,,,,,
Slice,13,5,1,,,,,,,,,,,,,,,,,,,,,,,,,,,,,,
Slice,11,5,1,,,,,,,,,,,,,,,,,,,,,,,,,,,,,,
Slice,10,5,1,,,,,,,,,,,,,,,,,,,,,,,,,,,,,,
Slice,1,1,1,axes,int64[],,ends,int64[],,starts,int64[],,,,,,,,,,,,,,,,,,,,,,
Softplus,1,1,1,,,,,,,,,,,,,,,,,,,,,,,,,,,,,,
Softsign,1,1,1,,,,,,,,,,,,,,,,,,,,,,,,,,,,,,
SpaceToDepth,13,1,1,blocksize,int64,,,,,,,,,,,,,,,,,,,,,,,,,,,,
SpaceToDepth,1,1,1,blocksize,int64,,,,,,,,,,,,,,,,,,,,,,,,,,,,
Split,13,2,inf,axis,int64,0,,,,,,,,,,,,,,,,,,,,,,,,,,,
Split,11,1,inf,axis,int64,0,split,int64[],,,,,,,,,,,,,,,,,,,,,,,,,
Split,2,1,inf,axis,int64,0,split,int64[],,,,,,,,,,,,,,,,,,,,,,,,,
Split,1,2,1,axis,int64,,split,int64[],,,,,,,,,,,,,,,,,,,,,,,,,
SplitToSequence,11,2,1,axis,int64,0,keepdims,int64,1,,,,,,,,,,,,,,,,,,,,,,,,
Sqrt,13,1,1,,,,,,,,,,,,,,,,,,,,,,,,,,,,,,
Sqrt,6,1,1,,,,,,,,,,,,,,,,,,,,,,,,,,,,,,
Sqrt,1,1,1,consumed_inputs,int64[],,,,,,,,,,,,,,,,,,,,,,,,,,,,
Squeeze,13,2,1,,,,,,,,,,,,,,,,,,,,,,,,,,,,,,
Squeeze,11,1,1,axes,int64[],,,,,,,,,,,,,,,,,,,,,,,,,,,,
Squeeze,1,1,1,axes,int64[],,,,,,,,,,,,,,,,,,,,,,,,,,,,
StringNormalizer,10,1,1,case_change_action,str,NONE,is_case_sensitive,int64,0,locale,str,,stopwords,str[],,,,,,,,,,,,,,,,,,,
Sub,14,2,1,,,,,,,,,,,,,,,,,,,,,,,,,,,,,,
Sub,13,2,1,,,,,,,,,,,,,,,,,,,,,,,,,,,,,,
Sub,7,2,1,,,,,,,,,,,,,,,,,,,,,,,,,,,,,,
Sub,6,2,1,axis,int64,,broadcast,int64,0,,,,,,,,,,,,,,,,,,,,,,,,
Sub,1,2,1,axis,int64,,broadcast,int64,0,consumed_inputs,int64[],,,,,,,,,,,,,,,,,,,,,,
Sum,13,inf,1,,,,,,,,,,,,,,,,,,,,,,,,,,,,,,
Sum,8,inf,1,,,,,,,,,,,,,,,,,,,,,,,,,,,,,,
Sum,6,inf,1,,,,,,,,,,,,,,,,,,,,,,,,,,,,,,
Sum,1,inf,1,consumed_inputs,int64[],,,,,,,,,,,,,,,,,,,,,,,,,,,,
Tan,7,1,1,,,,,,,,,,,,,,,,,,,,,,,,,,,,,,
Tanh,13,1,1,,,,,,,,,,,,,,,,,,,,,,,,,,,,,,
Tanh,6,1,1,,,,,,,,,,,,,,,,,,,,,,,,,,,,,,
Tanh,1,1,1,consumed_inputs,int64[],,,,,,,,,,,,,,,,,,,,,,,,,,,,
TfIdfVectorizer,9,1,1,max_gram_length,int64,,max_skip_count,int64,,min_gram_length,int64,,mode,str,,ngram_counts,int64[],,ngram_indexes,int64[],,pool_int64s,int64[],,pool_strings,str[],,weights,float32[],,,,
ThresholdedRelu,10,1,1,alpha,float32,1,,,,,,,,,,,,,,,,,,,,,,,,,,,
Tile,13,2,1,,,,,,,,,,,,,,,,,,,,,,,,,,,,,,
Tile,6,2,1,,,,,,,,,,,,,,,,,,,,,,,,,,,,,,
Tile,1,3,1,,,,,,,,,,,,,,,,,,,,,,,,,,,,,,
TopK,11,2,2,axis,int64,-1,largest,int64,1,sorted,int64,1,,,,,,,,,,,,,,,,,,,,,
TopK,10,2,2,axis,int64,-1,,,,,,,,,,,,,,,,,,,,,,,,,,,
TopK,1,1,2,axis,int64,-1,k,int64,,,,,,,,,,,,,,,,,,,,,,,,,
Transpose,13,1,1,perm,int64[],,,,,,,,,,,,,,,,,,,,,,,,,,,,
Transpose,1,1,1,perm,int64[],,,,,,,,,,,,,,,,,,,,,,,,,,,,
Trilu,14,2,1,upper,int64,1,,,,,,,,,,,,,,,,,,,,,,,,,,,
Unique,11,1,4,axis,int64,,sorted,int64,1,,,,,,,,,,,,,,,,,,,,,,,,
Unsqueeze,13,2,1,,,,,,,,,,,,,,,,,,,,,,,,,,,,,,
Unsqueeze,11,1,1,axes,int64[],,,,,,,,,,,,,,,,,,,,,,,,,,,,
Unsqueeze,1,1,1,axes,int64[],,,,,,,,,,,,,,,,,,,,,,,,,,,,
Where,16,3,1,,,,,,,,,,,,,,,,,,,,,,,,,,,,,,
Where,9,3,1,,,,,,,,,,,,,,,,,,,,,,,,,,,,,,
Xor,7,2,1,,,,,,,,,,,,,,,,,,,,,,,,,,,,,,
Xor,1,2,1,axis,int64,,broadcast,int64,0,,,,,,,,,,,,,,,,,,,,,,,,
Bernoulli,15,1,1,dtype,int64,,seed,float32,,,,,,,,,,,,,,,,,,,,,,,,,
CastLike,15,2,1,,,,,,,,,,,,,,,,,,,,,,,,,,,,,,
Celu,12,1,1,alpha,float32,1,,,,,,,,,,,,,,,,,,,,,,,,,,,
DynamicQuantizeLinear,11,1,3,,,,,,,,,,,,,,,,,,,,,,,,,,,,,,
GreaterOrEqual,16,2,1,,,,,,,,,,,,,,,,,,,,,,,,,,,,,,
GreaterOrEqual,12,2,1,,,,,,,,,,,,,,,,,,,,,,,,,,,,,,
HardSwish,14,1,1,,,,,,,,,,,,,,,,,,,,,,,,,,,,,,
LayerNormalization,17,3,3,axis,int64,-1,epsilon,float32,1.00E-05,stash_type,int64,1,,,,,,,,,,,,,,,,,,,,,
LessOrEqual,16,2,1,,,,,,,,,,,,,,,,,,,,,,,,,,,,,,
LessOrEqual,12,2,1,,,,,,,,,,,,,,,,,,,,,,,,,,,,,,
LogSoftmax,13,1,1,axis,int64,-1,,,,,,,,,,,,,,,,,,,,,,,,,,,
LogSoftmax,11,1,1,axis,int64,1,,,,,,,,,,,,,,,,,,,,,,,,,,,
LogSoftmax,1,1,1,axis,int64,1,,,,,,,,,,,,,,,,,,,,,,,,,,,
MeanVarianceNormalization,13,1,1,axes,int64[],"['0', '2', '3']",,,,,,,,,,,,,,,,,,,,,,,,,,,
MeanVarianceNormalization,9,1,1,axes,int64[],"['0', '2', '3']",,,,,,,,,,,,,,,,,,,,,,,,,,,
NegativeLogLikelihoodLoss,13,3,1,ignore_index,int64,,reduction,str,mean,,,,,,,,,,,,,,,,,,,,,,,,
NegativeLogLikelihoodLoss,12,3,1,ignore_index,int64,,reduction,str,mean,,,,,,,,,,,,,,,,,,,,,,,,
Range,11,3,1,,,,,,,,,,,,,,,,,,,,,,,,,,,,,,
SequenceMap,17,inf,inf,body,graph,,,,,,,,,,,,,,,,,,,,,,,,,,,,
Softmax,13,1,1,axis,int64,-1,,,,,,,,,,,,,,,,,,,,,,,,,,,
Softmax,11,1,1,axis,int64,1,,,,,,,,,,,,,,,,,,,,,,,,,,,
Softmax,1,1,1,axis,int64,1,,,,,,,,,,,,,,,,,,,,,,,,,,,
SoftmaxCrossEntropyLoss,13,3,2,ignore_index,int64,,reduction,str,mean,,,,,,,,,,,,,,,,,,,,,,,,
SoftmaxCrossEntropyLoss,12,3,2,ignore_index,int64,,reduction,str,mean,,,,,,,,,,,,,,,,,,,,,,,,